SQL> set pagesize 30
SQL> set line 300
SQL> select * from emp;

     EMPNO ENAME                JOB                       MGR HIREDATE        SAL       COMM     DEPTNO                                                                                                                                                                                                     
---------- -------------------- ------------------ ---------- -------- ---------- ---------- ----------                                                                                                                                                                                                     
      7369 SMITH                CLERK                    7902 80/12/17        800                    20                                                                                                                                                                                                     
      7499 ALLEN                SALESMAN                 7698 81/02/20       1600        300         30                                                                                                                                                                                                     
      7521 WARD                 SALESMAN                 7698 81/02/22       1250        500         30                                                                                                                                                                                                     
      7566 JONES                MANAGER                  7839 81/04/02       2975                    20                                                                                                                                                                                                     
      7654 MARTIN               SALESMAN                 7698 81/09/28       1250       1400         30                                                                                                                                                                                                     
      7698 BLAKE                MANAGER                  7839 81/05/01       2850                    30                                                                                                                                                                                                     
      7782 CLARK                MANAGER                  7839 81/06/09       2450                    10                                                                                                                                                                                                     
      7788 SCOTT                ANALYST                  7566 87/04/19       3000                    20                                                                                                                                                                                                     
      7839 KING                 PRESIDENT                     81/11/17       5000                    10                                                                                                                                                                                                     
      7844 TURNER               SALESMAN                 7698 81/09/08       1500          0         30                                                                                                                                                                                                     
      7876 ADAMS                CLERK                    7788 87/05/23       1100                    20                                                                                                                                                                                                     
      7900 JAMES                CLERK                    7698 81/12/03        950                    30                                                                                                                                                                                                     
      7902 FORD                 ANALYST                  7566 81/12/03       3000                    20                                                                                                                                                                                                     
      7934 MILLER               CLERK                    7782 82/01/23       1300                    10                                                                                                                                                                                                     

14 rows selected.

SQL> ed
Wrote file afiedt.buf

  1  select * from emp
  2* where deptno=10
SQL> /

     EMPNO ENAME                JOB                       MGR HIREDATE        SAL       COMM     DEPTNO                                                                                                                                                                                                     
---------- -------------------- ------------------ ---------- -------- ---------- ---------- ----------                                                                                                                                                                                                     
      7782 CLARK                MANAGER                  7839 81/06/09       2450                    10                                                                                                                                                                                                     
      7839 KING                 PRESIDENT                     81/11/17       5000                    10                                                                                                                                                                                                     
      7934 MILLER               CLERK                    7782 82/01/23       1300                    10                                                                                                                                                                                                     

SQL> ED
Wrote file afiedt.buf

  1  select COUNT(*) from emp
  2* where deptno=10
SQL> /

  COUNT(*)                                                                                                                                                                                                                                                                                                  
----------                                                                                                                                                                                                                                                                                                  
         3                                                                                                                                                                                                                                                                                                  

SQL> select * from emp;

     EMPNO ENAME                JOB                       MGR HIREDATE        SAL       COMM     DEPTNO                                                                                                                                                                                                     
---------- -------------------- ------------------ ---------- -------- ---------- ---------- ----------                                                                                                                                                                                                     
      7369 SMITH                CLERK                    7902 80/12/17        800                    20                                                                                                                                                                                                     
      7499 ALLEN                SALESMAN                 7698 81/02/20       1600        300         30                                                                                                                                                                                                     
      7521 WARD                 SALESMAN                 7698 81/02/22       1250        500         30                                                                                                                                                                                                     
      7566 JONES                MANAGER                  7839 81/04/02       2975                    20                                                                                                                                                                                                     
      7654 MARTIN               SALESMAN                 7698 81/09/28       1250       1400         30                                                                                                                                                                                                     
      7698 BLAKE                MANAGER                  7839 81/05/01       2850                    30                                                                                                                                                                                                     
      7782 CLARK                MANAGER                  7839 81/06/09       2450                    10                                                                                                                                                                                                     
      7788 SCOTT                ANALYST                  7566 87/04/19       3000                    20                                                                                                                                                                                                     
      7839 KING                 PRESIDENT                     81/11/17       5000                    10                                                                                                                                                                                                     
      7844 TURNER               SALESMAN                 7698 81/09/08       1500          0         30                                                                                                                                                                                                     
      7876 ADAMS                CLERK                    7788 87/05/23       1100                    20                                                                                                                                                                                                     
      7900 JAMES                CLERK                    7698 81/12/03        950                    30                                                                                                                                                                                                     
      7902 FORD                 ANALYST                  7566 81/12/03       3000                    20                                                                                                                                                                                                     
      7934 MILLER               CLERK                    7782 82/01/23       1300                    10                                                                                                                                                                                                     

14 rows selected.

SQL> ED
Wrote file afiedt.buf

  1  SELECT DEPTNO  
  2  FROM EMP
  3* GROUP BY DEPTNO
  4  /

    DEPTNO                                                                                                                                                                                                                                                                                                  
----------                                                                                                                                                                                                                                                                                                  
        30                                                                                                                                                                                                                                                                                                  
        20                                                                                                                                                                                                                                                                                                  
        10                                                                                                                                                                                                                                                                                                  

SQL> ED
Wrote file afiedt.buf

  1  SELECT DEPTNO, COUNT(*)  
  2  FROM EMP
  3* GROUP BY DEPTNO
SQL> /

    DEPTNO   COUNT(*)                                                                                                                                                                                                                                                                                       
---------- ----------                                                                                                                                                                                                                                                                                       
        30          6                                                                                                                                                                                                                                                                                       
        20          5                                                                                                                                                                                                                                                                                       
        10          3                                                                                                                                                                                                                                                                                       

SQL> --Áý°èÇÔ¼ö¸¦ ¾Ë¾Æº¸±â
SQL> ED
Wrote file afiedt.buf

  1  SELECT DEPTNO, SUM(SAL)  
  2  FROM EMP
  3* GROUP BY DEPTNO
SQL> /

    DEPTNO   SUM(SAL)                                                                                                                                                                                                                                                                                       
---------- ----------                                                                                                                                                                                                                                                                                       
        30       9400                                                                                                                                                                                                                                                                                       
        20      10875                                                                                                                                                                                                                                                                                       
        10       8750                                                                                                                                                                                                                                                                                       

SQL> ED
Wrote file afiedt.buf

  1  SELECT DEPTNO AS ë¶€ì„œë²ˆí˜¸, SUM(SAL) AS ê¸‰ì—¬í•©  
  2  FROM EMP
  3* GROUP BY DEPTNO
SQL> /
SELECT DEPTNO AS ë¶€ì„œë²ˆí˜¸, SUM(SAL) AS ê¸‰ì—¬í•©  
                                    *
ERROR at line 1:
ORA-00923: FROM keyword not found where expected 


SQL> ED
Wrote file afiedt.buf

  1  SELECT DEPTNO AS DEPARTMENT_NUM, SUM(SAL) AS SALLARY  
  2  FROM EMP
  3* GROUP BY DEPTNO
SQL> /

DEPARTMENT_NUM    SALLARY                                                                                                                                                                                                                                                                                   
-------------- ----------                                                                                                                                                                                                                                                                                   
            30       9400                                                                                                                                                                                                                                                                                   
            20      10875                                                                                                                                                                                                                                                                                   
            10       8750                                                                                                                                                                                                                                                                                   

SQL> --°¡ÄªÀ¸·Î ´ëÃ¼
SQL> ED
Wrote file afiedt.buf

  1  SELECT DEPTNO, SUM(SAL), MIN(SAL), MAX(SAL), AVG(SAL), COUNT(*)  
  2  FROM EMP
  3* GROUP BY DEPTNO
SQL> /

    DEPTNO   SUM(SAL)   MIN(SAL)   MAX(SAL)   AVG(SAL)   COUNT(*)                                                                                                                                                                                                                                           
---------- ---------- ---------- ---------- ---------- ----------                                                                                                                                                                                                                                           
        30       9400        950       2850 1566.66667          6                                                                                                                                                                                                                                           
        20      10875        800       3000       2175          5                                                                                                                                                                                                                                           
        10       8750       1300       5000 2916.66667          3                                                                                                                                                                                                                                           

SQL> SELECT * FROM EMP;

     EMPNO ENAME                JOB                       MGR HIREDATE        SAL       COMM     DEPTNO                                                                                                                                                                                                     
---------- -------------------- ------------------ ---------- -------- ---------- ---------- ----------                                                                                                                                                                                                     
      7369 SMITH                CLERK                    7902 80/12/17        800                    20                                                                                                                                                                                                     
      7499 ALLEN                SALESMAN                 7698 81/02/20       1600        300         30                                                                                                                                                                                                     
      7521 WARD                 SALESMAN                 7698 81/02/22       1250        500         30                                                                                                                                                                                                     
      7566 JONES                MANAGER                  7839 81/04/02       2975                    20                                                                                                                                                                                                     
      7654 MARTIN               SALESMAN                 7698 81/09/28       1250       1400         30                                                                                                                                                                                                     
      7698 BLAKE                MANAGER                  7839 81/05/01       2850                    30                                                                                                                                                                                                     
      7782 CLARK                MANAGER                  7839 81/06/09       2450                    10                                                                                                                                                                                                     
      7788 SCOTT                ANALYST                  7566 87/04/19       3000                    20                                                                                                                                                                                                     
      7839 KING                 PRESIDENT                     81/11/17       5000                    10                                                                                                                                                                                                     
      7844 TURNER               SALESMAN                 7698 81/09/08       1500          0         30                                                                                                                                                                                                     
      7876 ADAMS                CLERK                    7788 87/05/23       1100                    20                                                                                                                                                                                                     
      7900 JAMES                CLERK                    7698 81/12/03        950                    30                                                                                                                                                                                                     
      7902 FORD                 ANALYST                  7566 81/12/03       3000                    20                                                                                                                                                                                                     
      7934 MILLER               CLERK                    7782 82/01/23       1300                    10                                                                                                                                                                                                     

14 rows selected.

SQL> ED
Wrote file afiedt.buf

  1  SELECT JOB
  2  FROM EMP
  3* GROUP BY JOB
SQL> /

JOB                                                                                                                                                                                                                                                                                                         
------------------                                                                                                                                                                                                                                                                                          
CLERK                                                                                                                                                                                                                                                                                                       
SALESMAN                                                                                                                                                                                                                                                                                                    
PRESIDENT                                                                                                                                                                                                                                                                                                   
MANAGER                                                                                                                                                                                                                                                                                                     
ANALYST                                                                                                                                                                                                                                                                                                     

SQL> ED
Wrote file afiedt.buf

  1  SELECT JOB, ENAME
  2  FROM EMP
  3* GROUP BY JOB
SQL> 
SQL> --±×·ìÈ­½ÃÅ² ´ë»ó¸¸ÀÌ ¼¿·ºÆ®ÀÇ ´ë»óÀÌ µÊ
SQL> ED
Wrote file afiedt.buf

  1  SELECT JOB, ENAME
  2  FROM EMP
  3* GROUP BY JOB, ENAME
SQL> /

JOB                ENAME                                                                                                                                                                                                                                                                                    
------------------ --------------------                                                                                                                                                                                                                                                                     
SALESMAN           WARD                                                                                                                                                                                                                                                                                     
MANAGER            CLARK                                                                                                                                                                                                                                                                                    
ANALYST            FORD                                                                                                                                                                                                                                                                                     
CLERK              MILLER                                                                                                                                                                                                                                                                                   
CLERK              SMITH                                                                                                                                                                                                                                                                                    
ANALYST            SCOTT                                                                                                                                                                                                                                                                                    
SALESMAN           TURNER                                                                                                                                                                                                                                                                                   
MANAGER            BLAKE                                                                                                                                                                                                                                                                                    
PRESIDENT          KING                                                                                                                                                                                                                                                                                     
CLERK              ADAMS                                                                                                                                                                                                                                                                                    
MANAGER            JONES                                                                                                                                                                                                                                                                                    
SALESMAN           MARTIN                                                                                                                                                                                                                                                                                   
CLERK              JAMES                                                                                                                                                                                                                                                                                    
SALESMAN           ALLEN                                                                                                                                                                                                                                                                                    

14 rows selected.

SQL> --ÀÌ¸§À» ±×·ìÈ­ÇÏ´Â °ÍÀº ÀÇ¹Ì°¡ ¾øÀ½, Áßº¹µÇ´Â°ªÀÌ ¾ø±â ¶§¹®¿¡
SQL> ED
Wrote file afiedt.buf

  1  SELECT EMPNO
  2  FROM EMP
  3* GROUP BY JOB, EMPNO
SQL> /

     EMPNO                                                                                                                                                                                                                                                                                                  
----------                                                                                                                                                                                                                                                                                                  
      7566                                                                                                                                                                                                                                                                                                  
      7876                                                                                                                                                                                                                                                                                                  
      7900                                                                                                                                                                                                                                                                                                  
      7788                                                                                                                                                                                                                                                                                                  
      7839                                                                                                                                                                                                                                                                                                  
      7902                                                                                                                                                                                                                                                                                                  
      7934                                                                                                                                                                                                                                                                                                  
      7499                                                                                                                                                                                                                                                                                                  
      7521                                                                                                                                                                                                                                                                                                  
      7654                                                                                                                                                                                                                                                                                                  
      7698                                                                                                                                                                                                                                                                                                  
      7844                                                                                                                                                                                                                                                                                                  
      7369                                                                                                                                                                                                                                                                                                  
      7782                                                                                                                                                                                                                                                                                                  

14 rows selected.

SQL> --°íÀ¯ÇÑ °ªÀ» ±×·ìÈ­ÇÏ´Â °ÍÀº ÀÇ¹Ì°¡ ¾ø´Ù
SQL> ED
Wrote file afiedt.buf

  1  SELECT COUNT(*)
  2  FROM EMP
  3* GROUP BY JOB
SQL> /

  COUNT(*)                                                                                                                                                                                                                                                                                                  
----------                                                                                                                                                                                                                                                                                                  
         4                                                                                                                                                                                                                                                                                                  
         4                                                                                                                                                                                                                                                                                                  
         1                                                                                                                                                                                                                                                                                                  
         3                                                                                                                                                                                                                                                                                                  
         2                                                                                                                                                                                                                                                                                                  

SQL> --¿øÄ¢: GROUPBY¿¡ ¸í½ÃÇÑ ÄÃ·³¸¸ SELECTÀý¿¡ »ç¿ë°¡´ÉÇÏ´Ù
SQL> --¿¹¿Ü: ´Ü, Áý°èÇÔ¼öÀÇ °æ¿ì¿£ ¿¹¿Ü·Î ÇÑ´Ù
SQL> ED
Wrote file afiedt.buf

  1  SELECT COUNT(*), JOB
  2  FROM EMP
  3* GROUP BY JOB
SQL> /

  COUNT(*) JOB                                                                                                                                                                                                                                                                                              
---------- ------------------                                                                                                                                                                                                                                                                               
         4 CLERK                                                                                                                                                                                                                                                                                            
         4 SALESMAN                                                                                                                                                                                                                                                                                         
         1 PRESIDENT                                                                                                                                                                                                                                                                                        
         3 MANAGER                                                                                                                                                                                                                                                                                          
         2 ANALYST                                                                                                                                                                                                                                                                                          

SQL> --¹®Á¦Ç®ÀÌ
SQL> --1.ADAMS°¡ ¼Ò¼ÓÇÑ ºÎ¼­ÀÇ Æò±Õ ±Þ¿©º¸´Ùµµ ÀûÀº ±Þ¿©¸¦ ¹Þ´Â »ç¿øµéÀÇ
SQL> ÀÌ¸§, ±Þ¿©¸¦ ¿À¸§Â÷¼øÀ¸·Î Ãâ·ÂÇÏ¼¼¿ä
SP2-0734: unknown command beginning "ÀÌ¸§, ±Þ¿©..." - rest of line ignored.
SQL> ED
Wrote file afiedt.buf

  1  SELECT ENAME, SAL
  2  FROM EMP
  3  WHERE SAL < (
  4  		SELECT AVG(SAL) FROM EMP WHERE DEPTNO=(
  5  			SELECT DEPTNO FROM EMP WHERE ENAME='ADAMS'ì•„ë‹´ìŠ¤ê°€ ì†Œì†í•œ ë¶€ì„œ))
  6* ORDER BY ASC
SQL> ED
Wrote file afiedt.buf

  1  SELECT ENAME, SAL
  2  FROM EMP
  3  WHERE SAL < (
  4  		SELECT AVG(SAL) FROM EMP WHERE DEPTNO=(
  5  			SELECT DEPTNO FROM EMP WHERE ENAME='ADAMS'))
  6* ORDER BY ASC
SQL> /
ORDER BY ASC
         *
ERROR at line 6:
ORA-00936: missing expression 


SQL> ED
Wrote file afiedt.buf

  1  SELECT ENAME, SAL
  2  FROM EMP
  3  WHERE SAL < (
  4  		SELECT AVG(SAL) FROM EMP WHERE DEPTNO=(
  5  			SELECT DEPTNO FROM EMP WHERE ENAME='ADAMS'))
  6* ORDER BY ACS
SQL> /
ORDER BY ACS
         *
ERROR at line 6:
ORA-00904: "ACS": invalid identifier 


SQL> ED
Wrote file afiedt.buf

  1  SELECT ENAME, SAL
  2  FROM EMP
  3  WHERE SAL < (
  4  		SELECT AVG(SAL) FROM EMP WHERE DEPTNO=(
  5  			SELECT DEPTNO FROM EMP WHERE ENAME='ADAMS'))
  6* ORDER BY ASC
SQL> /
ORDER BY ASC
         *
ERROR at line 6:
ORA-00936: missing expression 


SQL> --2.WARDÀÇ ¾÷¹«¿Í °°Àº ¾÷¹«¸¦ ÇÏ´Â »ç¿øµéÀÇ Ä¿¹Ì¼ÇÀÇ ÇÕº¸´Ù ¸¹Àº ±Þ¿©¸¦ ¹Þ´Â
SQL> »ç¿øµéÀÇ »ç¿ø¹øÈ£, ÀÌ¸§, ±Þ¿©¸¦ ³»¸²Â÷¼øÀ¸·Î Ãâ·ÂÇÏ¼¼¿ä
SP2-0734: unknown command beginning "»ç¿øµéÀÇ ..." - rest of line ignored.
SQL> ED
Wrote file afiedt.buf

  1  SELECT EMPNO, ENAME, SAL
  2  FROM EMP
  3  WHERE SAL > ( WARDì™€ ê°™ì€ ì—…ë¬´ë¥¼ í•˜ëŠ” ì‚¬ì›ë“¤ì˜ ì»¤ë¯¸ì…˜ì˜ í•©

  4  	SELECT SUM(COMM) FROM EMP 
  5  	WHERE JOB=(SELECT JOB FROM EMP WHERE ENAME='WARD') 
  6  	)
  7* ORDER BY DESC
  8  /
WHERE SAL > ( WARDì™€ ê°™ì€ ì—…ë¬´ë¥¼ í•˜ëŠ” ì‚¬ì›ë“¤ì˜ ì»¤ë¯¸ì…˜ì˜ í•©

                         *
ERROR at line 3:
ORA-00907: missing right parenthesis 


SQL> ED
Wrote file afiedt.buf

  1  SELECT EMPNO, ENAME, SAL
  2  FROM EMP
  3  WHERE SAL > ( 
  4  	SELECT SUM(COMM) FROM EMP 
  5  	WHERE JOB=(SELECT JOB FROM EMP WHERE ENAME='WARD') 
  6  	)
  7* ORDER BY DESC
SQL> /
ORDER BY DESC
         *
ERROR at line 7:
ORA-00936: missing expression 


SQL> --3.ºÎ¼­º° Æò±Õ±Þ¿©¸¦ Ãâ·ÂÇÏ¼¼¿ä
SQL> ED
Wrote file afiedt.buf

  1  SELECT DEPTNO, AVG(SAL)
  2  FROM EMP
  3* GROUP BY DEPTNO
SQL> /

    DEPTNO   AVG(SAL)                                                                                                                                                                                                                                                                                       
---------- ----------                                                                                                                                                                                                                                                                                       
        30 1566.66667                                                                                                                                                                                                                                                                                       
        20       2175                                                                                                                                                                                                                                                                                       
        10 2916.66667                                                                                                                                                                                                                                                                                       

SQL> --4.ºÎ¼­º° ±Þ¿©ÀÇ ÇÕÀ» Ãâ·ÂÇÏ¼¼¿ä
SQL> ED
Wrote file afiedt.buf

  1  SELECT DEPTNO, SUM(SAL)
  2  FROM EMP
  3* GROUP BY DEPTNO
SQL> /

    DEPTNO   SUM(SAL)                                                                                                                                                                                                                                                                                       
---------- ----------                                                                                                                                                                                                                                                                                       
        30       9400                                                                                                                                                                                                                                                                                       
        20      10875                                                                                                                                                                                                                                                                                       
        10       8750                                                                                                                                                                                                                                                                                       

SQL> --5.ºÎ¼­º° ÃÖ´ë±Þ¿©, ÃÖ¼Ò±Þ¿©, Æò±Õ±Þ¿©, »ç¿ø¼ö, ±Þ¿©ÀÇ ÇÕÀ» Ãâ·ÂÇÏ¼¼¿ä
SQL> ED
Wrote file afiedt.buf

  1  SELECT DEPTNO, MAX(SAL), MIN(SAL), AVG(SAL), SUM(SAL), COUNT(*)
  2  FROM EMP
  3* GROUP BY DEPTNO
SQL> /

    DEPTNO   MAX(SAL)   MIN(SAL)   AVG(SAL)   SUM(SAL)   COUNT(*)                                                                                                                                                                                                                                           
---------- ---------- ---------- ---------- ---------- ----------                                                                                                                                                                                                                                           
        30       2850        950 1566.66667       9400          6                                                                                                                                                                                                                                           
        20       3000        800       2175      10875          5                                                                                                                                                                                                                                           
        10       5000       1300 2916.66667       8750          3                                                                                                                                                                                                                                           

SQL> --6.ºÎ¼­º° ±Þ¿©ÀÇ ÇÕÀ» ±¸ÇÏµÇ ±× ÇÕÀÌ 9000º¸´Ù ÀÛÀº ºÎ¼­ÀÇ ºÎ¼­¹øÈ£, ±Þ¿©ÇÕÀ»
SQL> --Ãâ·ÂÇÏ¼¼¿ä
SQL> ED
Wrote file afiedt.buf

  1  SELECT DEPTNO, SUM(SAL)
  2  FROM EMP
  3  WHERE SUM(SAL) < 9000
  4* GROUP BY DEPTNO
SQL> /
WHERE SUM(SAL) < 9000
      *
ERROR at line 3:
ORA-00934: group function is not allowed here 


SQL> --1¹ø´Ù½Ã
SQL> ED
Wrote file afiedt.buf

  1  SELECT ENAME, SAL
  2  FROM EMP
  3  WHERE SAL<AVG(
  4  	SELECT SAL FROM EMP WHERE DEPTNO=(
  5  		SELECT DEPTNO FROM EMP WHERE ENAME='ADAMS'))
  6* ORDER BY ASC
SQL> /
WHERE SAL<AVG(
          *
ERROR at line 3:
ORA-00934: group function is not allowed here 


SQL> ED
Wrote file afiedt.buf

  1  SELECT ENAME, SAL
  2  FROM EMP
  3  WHERE SAL<AVG(
  4  	SELECT SAL FROM EMP WHERE DEPTNO=(
  5  		SELECT DEPTNO FROM EMP WHERE ENAME='ADAMS'))
  6* ORDER BY ASC
SQL> SPOOL OFF
